{
  "lang":"pt",
  "name":"pipeline",
  "version":"0.0.0",
  "spacy_version":">=3.2.0,<3.3.0",
  "description":"",
  "author":"",
  "email":"",
  "url":"",
  "license":"",
  "spacy_git_version":"0fc3dee77",
  "vectors":{
    "width":0,
    "vectors":0,
    "keys":0,
    "name":null,
    "mode":"default"
  },
  "labels":{
    "tok2vec":[

    ],
    "ner":[
      "An\u00e1lises",
      "Dose",
      "Estado",
      "MCDT",
      "Posologia",
      "RAM",
      "Terap\u00eautica"
    ]
  },
  "pipeline":[
    "tok2vec",
    "ner"
  ],
  "components":[
    "tok2vec",
    "ner"
  ],
  "disabled":[

  ],
  "performance":{
    "ents_f":0.9800235018,
    "ents_p":0.9765807963,
    "ents_r":0.983490566,
    "ents_per_type":{
      "Terap\u00eautica":{
        "p":1.0,
        "r":0.9921259843,
        "f":0.9960474308
      },
      "An\u00e1lises":{
        "p":0.9666666667,
        "r":0.9666666667,
        "f":0.9666666667
      },
      "Estado":{
        "p":0.9375,
        "r":0.9677419355,
        "f":0.9523809524
      },
      "MCDT":{
        "p":1.0,
        "r":1.0,
        "f":1.0
      },
      "RAM":{
        "p":1.0,
        "r":1.0,
        "f":1.0
      },
      "Dose":{
        "p":0.9782608696,
        "r":1.0,
        "f":0.989010989
      },
      "Posologia":{
        "p":0.9230769231,
        "r":0.9230769231,
        "f":0.9230769231
      }
    },
    "tok2vec_loss":393.2365607318,
    "ner_loss":389.7563859037
  }
}